,State Code,District Code,Name,Population (Person),Area,Population Density
3,1,0,JAMMU & KASHMIR,12541302,222236.0,124.0
6,1,1,Kupwara,870354,2379.0,366.0
18,1,2,Badgam,753745,1361.0,554.0
39,1,3,Leh(Ladakh),133487,45110.0,3.0
51,1,4,Kargil,140802,14036.0,10.0
63,1,5,Punch,476835,1674.0,285.0
78,1,6,Rajouri,642415,2630.0,244.0
102,1,7,Kathua,616435,2502.0,246.0
120,1,8,Baramula,1008039,4243.0,238.0
147,1,9,Bandipore,392232,345.0,1137.0
159,1,10,Srinagar,1236829,1979.0,625.0
168,1,11,Ganderbal,297446,259.0,1148.0
180,1,12,Pulwama,560440,1086.0,516.0
195,1,13,Shupiyan,266215,312.0,853.0
201,1,14,Anantnag,1078692,3574.0,302.0
222,1,15,Kulgam,424483,410.0,1035.0
234,1,16,Doda,409936,8912.0,46.0
249,1,17,Ramban,283713,1329.0,213.0
258,1,18,Kishtwar,230696,1644.0,140.0
273,1,19,Udhampur,554985,2637.0,210.0
288,1,20,Reasi,314667,1719.0,183.0
297,1,21,Jammu,1529958,2342.0,653.0
312,1,22,Samba,318898,904.0,353.0
318,2,0,HIMACHAL PRADESH,6864602,55673.0,123.0
321,2,23,Chamba,519080,6522.0002245146725,80.0
354,2,24,Kangra,1510075,5739.000080797061,263.0
420,2,25,Lahul & Spiti,31564,13841.000106717893,2.0
432,2,26,Kullu,437903,5503.000197040496,80.0
453,2,27,Mandi,999777,3950.00032714741,253.0
507,2,28,Hamirpur,454768,1117.999908243244,407.0
531,2,29,Una,521173,1539.9999053468234,338.0
549,2,30,Bilaspur,381956,1167.0003378612182,327.0
570,2,31,Solan,580320,1936.0005246703986,300.0
600,2,32,Sirmaur,529855,2825.000159454893,188.0
633,2,33,Shimla,814010,5131.000407287827,159.0
687,2,34,Kinnaur,84121,6400.999861719775,13.0
708,3,0,PUNJAB,27743338,50362.0,551.0
711,3,35,Gurdaspur,2298323,3550.9999200939587,647.0
729,3,36,Kapurthala ,815168,1633.0021470810036,499.0
744,3,37,Jalandhar,2193590,2624.0,836.0
762,3,38,Hoshiarpur,1586625,3386.0013417644177,469.0
777,3,39,Shahid Bhagat Singh Nagar ,612310,1282.0029369038625,478.0
786,3,40,Fatehgarh Sahib,600163,1180.0,509.0
801,3,41,Ludhiana,3498739,3578.0,978.0
825,3,42,Moga,995746,2242.0,444.0
837,3,43,Firozpur,2029074,5305.0,382.0
855,3,44,Muktsar,901896,2593.0,348.0
867,3,45,Faridkot,617508,1458.0,424.0
876,3,46,Bathinda,1388525,3353.0,414.0
888,3,47,Mansa,769751,2198.0,350.0
900,3,48,Patiala,1895686,3325.0,570.0
918,3,49,Amritsar ,2490656,2683.0,928.0
933,3,50,Tarn Taran,1119627,2414.0,464.0
945,3,51,Rupnagar,684627,1356.0,505.0
960,3,52,Sahibzada Ajit Singh Nagar,994628,1094.0,909.0
972,3,53,Sangrur,1655169,3625.0,457.0
993,3,54,Barnala,595527,1482.0,402.0
1002,4,0,CHANDIGARH,1055450,114.0,9258.0
1005,4,55,Chandigarh,1055450,114.0,9258.0
1011,5,0,UTTARAKHAND,10086292,53483.0,189.0
1014,5,56,Uttarkashi,330086,8016.0,41.0
1035,5,57,Chamoli,391605,8029.999497604925,49.0
1056,5,58,Rudraprayag,242285,1984.0,122.0
1068,5,59,Tehri Garhwal,618931,3642.0,170.0
1092,5,60,Dehradun,1696694,3088.0,549.0
1113,5,61,Garhwal,687271,5329.0,129.0
1143,5,62,Pithoragarh,483439,7090.0,68.0
1164,5,63,Bageshwar,259898,2241.0,116.0
1179,5,64,"Almora
",622506,3144.0,198.0
1209,5,65,Champawat,259648,1766.0,147.0
1224,5,66,Nainital,954605,4251.0,225.0
1251,5,67,Udham Singh Nagar,1648902,2542.0,649.0
1275,5,68,Hardwar,1890422,2360.0,801.0
1287,6,0,HARYANA,25351462,44212.0,573.0
1290,6,69,Panchkula,561293,897.9999179786504,625.0
1299,6,70,Ambala,1128350,1573.9999520709423,717.0
1311,6,71,Yamunanagar,1214205,1767.9998547799717,687.0
1323,6,72,Kurukshetra,964655,1529.9995148227854,630.0
1335,6,73,Kaithal,1074304,2316.999925136712,464.0
1347,6,74,Karnal,1505324,2519.9998500161546,597.0
1365,6,75,Panipat,1205437,1267.9959124636227,951.0
1377,6,76,Sonipat,1450001,2122.0,683.0
1392,6,77,Jind,1334152,2702.002297510634,494.0
1407,6,78,Fatehabad,942011,2538.0047116599712,371.0
1419,6,79,Sirsa,1295189,4277.0,303.0
1434,6,80,Hisar,1743931,3983.0,438.0
1449,6,81,Bhiwani,1634445,4778.0,342.0
1473,6,82,Rohtak,1061204,1745.0,608.0
1485,6,83,Jhajjar,958405,1834.0,523.0
1500,6,84,Mahendragarh,922088,1899.0,486.0
1509,6,85,Rewari,900332,1594.0,565.0
1521,6,86,Gurgaon,1514432,1258.0,1204.0
1539,6,87,Mewat ,1089263,1507.0,723.0
1554,6,88,Faridabad,1809733,741.0,2442.0
1563,6,89,Palwal ,1042708,1359.0,767.0
1575,7,0,NCT OF DELHI,16787941,1483.0,11320.0
1578,7,90,North West,3656539,443.0,8254.0
1590,7,91,North,887978,61.0,14557.0
1602,7,92,North East,2241624,62.0,36155.0
1614,7,93,East,1709346,63.0,27132.0
1626,7,94,New Delhi,142004,35.0,4057.0
1638,7,95,Central,582320,21.0,27730.0
1650,7,96,West,2543243,130.0,19563.0
1662,7,97,South West,2292958,421.0,5446.0
1674,7,98,South,2731929,247.0,11060.0
1686,8,0,RAJASTHAN,68548437,342239.0,200.0
1689,8,99,Ganganagar ,1969168,10978.0,179.0
1719,8,100,Hanumangarh,1774692,9656.0,184.0
1743,8,101,Bikaner,2363937,30239.0,78.0
1770,8,102,Churu,2039547,13835.0,147.0
1791,8,103,Jhunjhunun,2137045,5928.0,361.0
1812,8,104,Alwar,3674179,8380.0,438.0
1851,8,105,Bharatpur,2548462,5066.0,503.0
1884,8,106,Dhaulpur,1206516,3033.0,398.0
1902,8,107,Karauli,1458248,5524.0,264.0
1923,8,108,Sawai Madhopur,1335551,4498.0,297.0
1947,8,109,Dausa,1634409,3432.0,476.0
1965,8,110,Jaipur,6626178,11143.0,595.0
2007,8,111,Sikar,2677333,7732.0,346.0
2028,8,112,Nagaur,3307743,17718.0,187.0
2061,8,113,Jodhpur,3687165,22850.0,161.0
2085,8,114,Jaisalmer,669919,38401.0,17.0
2097,8,115,Barmer,2603751,28387.0,92.0
2124,8,116,Jalor,1828730,10640.0,172.0
2148,8,117,Sirohi,1036346,5136.0,202.0
2166,8,118,Pali,2037573,12387.0,164.0
2196,8,119,Ajmer,2583052,8481.0,305.0
2226,8,120,Tonk,1421326,7194.0,198.0
2250,8,121,Bundi,1110906,5776.0,192.0
2268,8,122,Bhilwara,2408523,10455.0,230.0
2307,8,123,Rajsamand,1156597,4655.0,248.0
2331,8,124,Dungarpur,1388552,3770.0,368.0
2346,8,125,Banswara,1797485,4522.0,397.0
2364,8,126,Chittaurgarh,1544338,7821.999999999999,197.0
2397,8,127,Kota,1951014,5217.0,374.0
2415,8,128,Baran,1222755,6992.0,175.0
2442,8,129,Jhalawar,1411129,6219.0,227.0
2466,8,130,Udaipur,3068420,11724.0,262.0
2502,8,131,Pratapgarh,867848,4449.0,195.0
2520,9,0,UTTAR PRADESH,199812341,240928.0,829.0
2523,9,132,Saharanpur,3466382,3689.0,940.0
2541,9,133,Muzaffarnagar,4143512,4008.0,1034.0
2562,9,134,Bijnor,3682713,4561.0,807.0
2580,9,135,Moradabad,4772006,3718.0,1283.0
2601,9,136,Rampur,2335819,2367.0,987.0
2622,9,137,Jyotiba Phule Nagar,1840221,2249.0,818.0
2634,9,138,Meerut,3443689,2559.0,1346.0
2646,9,139,Baghpat,1303048,1321.0,986.0
2658,9,140,Ghaziabad,4681645,1179.0,3971.0
2673,9,141,Gautam Buddha Nagar,1648115,1282.0,1286.0
2685,9,142,Bulandshahr ,3499171,4512.0,776.0
2709,9,143,Aligarh,3673889,3650.0,1007.0
2727,9,144,Mahamaya Nagar,1564708,1840.0,850.0
2742,9,145,Mathura,2547184,3340.0,763.0
2757,9,146,Agra,4418797,4041.0,1093.0
2778,9,147,Firozabad,2498156,2407.0,1038.0
2793,9,148,Mainpuri,1868529,2760.0,677.0
2805,9,149,Budaun,3681896,5168.0,712.0
2826,9,150,Bareilly,4448359,4120.0,1080.0
2847,9,151,Pilibhit,2031007,3686.0,551.0
2859,9,152,Shahjahanpur,3006538,4388.0,685.0
2874,9,153,Kheri,4021243,7680.0,524.0
2895,9,154,Sitapur,4483992,5743.0,781.0
2916,9,155,Hardoi,4092845,5986.0,684.0
2934,9,156,Unnao,3108367,4558.0,682.0
2952,9,157,Lucknow,4589838,2528.0,1816.0
2967,9,158,Rae Bareli,3405559,4609.0,739.0
2991,9,159,Farrukhabad,1885204,2181.0,864.0
3003,9,160,Kannauj,1656616,2093.0,792.0
3015,9,161,Etawah,1581810,2311.0,684.0
3033,9,162,Auraiya,1379545,2016.0,684.0
3042,9,163,Kanpur Dehat,1796184,3021.0,595.0
3060,9,164,Kanpur Nagar,4581268,3155.0,1452.0
3072,9,165,Jalaun ,1689974,4565.0,370.0
3090,9,166,Jhansi,1998603,5024.0,398.0
3108,9,167,Lalitpur,1221592,5039.0,242.0
3120,9,168,Hamirpur,1104285,4021.0,275.0
3135,9,169,Mahoba,875958,3144.0,279.0
3147,9,170,Banda,1799410,4408.0,408.0
3162,9,171,Chitrakoot,991730,3216.0,308.0
3171,9,172,Fatehpur,2632733,4152.0,634.0
3183,9,173,Pratapgarh,3209141,3717.0,863.0
3201,9,174,Kaushambi,1599596,1779.0,899.0
3213,9,175,Allahabad ,5954391,5482.0,1086.0
3240,9,176,Bara Banki,3260699,4402.0,741.0
3261,9,177,Faizabad,2470996,2341.0,1056.0
3279,9,178,Ambedkar Nagar,2397888,2350.0,1020.0
3297,9,179,Sultanpur,3797117,4436.0,856.0
3321,9,180,Bahraich,3487731,5237.0,666.0
3336,9,181,Shrawasti,1117361,1640.0,681.0
3345,9,182,Balrampur,2148665,3349.0,642.0
3357,9,183,Gonda,3433919,4003.0,858.0
3372,9,184,Siddharthnagar,2559297,2895.0,884.0
3390,9,185,Basti,2464464,2688.0,917.0
3405,9,186,Sant Kabir Nagar,1715183,1646.0,1042.0
3417,9,187,Mahrajganj,2684703,2952.0,909.0
3432,9,188,Gorakhpur,4440895,3321.0,1337.0
3456,9,189,Kushinagar,3564544,2905.0,1227.0
3471,9,190,Deoria,3100946,2540.0,1221.0
3489,9,191,Azamgarh,4613913,4054.0,1138.0
3513,9,192,Mau,2205968,1713.0,1288.0
3528,9,193,Ballia,3239774,2981.0,1087.0
3549,9,194,Jaunpur,4494204,4038.0,1113.0
3570,9,195,Ghazipur,3620268,3377.0,1072.0
3588,9,196,Chandauli,1952756,2541.0,768.0
3600,9,197,Varanasi,3676841,1535.0,2395.0
3609,9,198,Sant Ravidas Nagar (Bhadohi),1578213,1015.0,1555.0
3621,9,199,Mirzapur,2496970,4405.0,567.0
3636,9,200,Sonbhadra,1862559,6905.0,270.0
3648,9,201,Etah,1774480,2431.0,730.0
3660,9,202,Kanshiram Nagar,1436719,1955.0,735.0
3672,10,0,BIHAR,104099452,94163.0,1106.0
3675,10,203,Pashchim Champaran,3935042,5228.0,753.0
3732,10,204,Purba Champaran,5099371,3968.0,1285.0
3816,10,205,Sheohar,656246,349.0,1880.0
3834,10,206,Sitamarhi,3423574,2294.0,1492.0
3888,10,207,Madhubani,4487379,3501.0,1282.0
3954,10,208,Supaul,2229076,2425.0,919.0
3990,10,209,Araria,2811569,2830.0,993.0
4020,10,210,Kishanganj,1690400,1884.0,897.0
4044,10,211,Purnia,3264619,3229.0,1011.0
4089,10,212,Katihar,3071029,3057.0,1005.0
4140,10,213,Madhepura,2001762,1788.0,1120.0
4182,10,214,Saharsa,1900661,1687.0,1127.0
4215,10,215,Darbhanga,3937385,2279.0,1728.0
4272,10,216,Muzaffarpur,4801062,3172.0,1514.0
4323,10,217,Gopalganj,2562012,2033.0,1260.0
4368,10,218,Siwan,3330464,2219.0,1501.0
4428,10,219,Saran,3951862,2641.0,1496.0
4491,10,220,Vaishali,3495021,2036.0,1717.0
4542,10,221,Samastipur,4261566,2904.0,1467.0
4605,10,222,Begusarai,2970541,1918.0,1549.0
4662,10,223,Khagaria,1666886,1486.0,1122.0
4686,10,224,Bhagalpur,3037766,2569.0,1182.0
4737,10,225,Banka,2034763,3020.0,674.0
4773,10,226,Munger,1367765,1419.0,964.0
4803,10,227,Lakhisarai,1000912,1228.0,815.0
4827,10,228,Sheikhpura,636342,689.0,924.0
4848,10,229,Nalanda,2877653,2355.0,1222.0
4911,10,230,Patna,5838465,3202.0,1823.0
4983,10,231,Bhojpur,2728407,2395.0,1139.0
5028,10,232,Buxar,1706352,1703.0,1002.0
5064,10,233,Kaimur (Bhabua),1626384,3332.0,488.0
5100,10,234,Rohtas,2959918,3881.0,763.0
5160,10,235,Aurangabad,2540073,3305.0,769.0
5196,10,236,Gaya,4391418,4976.0,883.0
5271,10,237,Nawada,2219146,2494.0,890.0
5316,10,238,Jamui,1760405,3098.0,568.0
5349,10,239,Jehanabad ,1125313,931.0,1209.0
5373,10,240,Arwal,700843,638.0,1099.0
5391,11,0,SIKKIM,610577,7096.0,86.0
5394,11,241,North  District,43709,4226.0,10.0
5403,11,242,West District,136435,1166.0,117.0
5412,11,243,South District,146850,750.0,196.0
5421,11,244,East District,283583,954.0,297.0
5433,12,0,ARUNACHAL PRADESH,1383727,83743.0,17.0
5436,12,245,Tawang,49977,2172.0,23.009668508287287
5469,12,246,West Kameng,83947,7422.0,11.310563190514689
5511,12,247,East Kameng,78690,4134.0,19.034833091436862
5553,12,248,Papum Pare,176573,3462.0,51.003177354130564
5601,12,249,Upper Subansiri,83448,7032.000000000003,11.866894197952215
5649,12,250,West Siang,112274,8325.0,13.486366366366367
5715,12,251,East Siang,99214,3603.0037693964205,27.53646855513017
5763,12,252,Upper Siang,35320,6589.999999999997,5.3596358118361165
5799,12,253,Changlang,148226,4662.0,31.794508794508797
5847,12,254,Tirap,111975,2362.0,47.406858594411524
5883,12,255,Lower Subansiri,83030,3507.9999999999995,23.66875712656785
5910,12,256,Kurung Kumey,92076,6040.0,15.244370860927152
5955,12,257,Dibang Valley,8004,9129.000000000002,0.8767663489976995
5973,12,258,Lower Dibang Valley,54080,3899.99820262115,13.866673057349969
5994,12,259,Lohit,145726,5212.0,27.95970836531082
6021,12,260,Anjaw,21167,6190.0,3.4195476575121164
6048,13,0,NAGALAND,1978502,16579.0,119.3378370227396
6051,13,261,Mon,250260,1786.0,140.1231802911534
6096,13,262,Mokokchung,194622,1614.9999999999998,120.50897832817341
6126,13,263,Zunheboto,140757,1255.0,112.15697211155378
6168,13,264,Wokha,166343,1627.9999999999998,102.17628992628994
6207,13,265,Dimapur ,378811,927.0,408.64185544768077
6234,13,266,Phek,163418,2025.9999999999993,80.66041461006913
6279,13,267,Tuensang,196596,2536.0,77.52208201892745
6330,13,268,Longleng,50484,562.0,89.82918149466192
6348,13,269,Kiphire,74004,1130.0,65.49026548672566
6375,13,270,Kohima,267988,1463.0,183.17703349282294
6402,13,271,Peren,95219,1651.0,57.673531193216235
6426,14,0,MANIPUR,2855794,22327.0,127.90764545169527
6429,14,272,Senapati,479148,3271.0,146.48364414552125
6450,14,273,Tamenglong ,140651,4391.0,32.03165565930312
6465,14,274,Churachandpur,274143,4570.0,59.98752735229759
6483,14,275,Bishnupur,237399,496.0,478.6270161290323
6495,14,276,Thoubal,422168,514.0,821.3385214007782
6507,14,277,Imphal West,517992,519.0,998.057803468208
6522,14,278,Imphal East,456113,709.0,643.3187588152327
6537,14,279,Ukhrul,183998,4544.0,40.4925176056338
6555,14,280,Chandel,144182,3313.0,43.52007244189557
6570,15,0,MIZORAM,1097206,21081.0,52.04715146340306
6573,15,281,Mamit,86364,3025.0,28.550082644628095
6585,15,282,Kolasib,83955,1382.0,60.74891461649783
6597,15,283,Aizawl,400309,3576.0,111.9432326621924
6615,15,284,Champhai,125745,3185.0,39.480376766091055
6633,15,285,Serchhip,64937,1421.0,45.69809992962703
6645,15,286,Lunglei,161428,4536.0,35.58818342151675
6660,15,287,Lawngtlai,117894,2557.0,46.10637465780211
6675,15,288,Saiha,56574,1399.0,40.438884917798426
6684,16,0,TRIPURA,3673917,10486.0,350.36400915506385
6687,16,289,West Tripura ,1725739,2993.0,576.5917139993318
6741,16,290,South Tripura ,876001,3057.0,286.555773634282
6780,16,291,Dhalai,378230,2400.0,157.59583333333333
6801,16,292,North Tripura,693947,2036.0,340.83840864440083
6831,17,0,MEGHALAYA,2966889,22429.0,132.27914753221276
6834,17,293,West Garo Hills,643291,3677.0,174.94995920587436
6861,17,294,East Garo Hills,317917,2603.0,122.1348444102958
6879,17,295,South Garo Hills,142334,1887.0,75.42872284048755
6894,17,296,West Khasi Hills,383461,5247.0,73.08195159138555
6915,17,297,Ribhoi,258840,2448.0,105.73529411764706
6927,17,298,East Khasi Hills,825922,2748.0,300.55385735080057
6954,17,299,Jaintia Hills,395124,3819.0,103.4626865671642
6972,18,0,ASSAM,31205576,78438.0,397.837476733216
6975,18,300,Kokrajhar,887142,3296.0,269.1571601941748
7005,18,301,Dhubri,1949258,2176.0000000000005,895.7987132352939
7035,18,302,Goalpara,1008183,1824.0,552.7319078947368
7053,18,303,Barpeta,1693622,2282.0,742.1656441717791
7083,18,304,Morigaon,957423,1551.0,617.2940038684719
7101,18,305,Nagaon,2823768,3973.0,710.7394915680845
7134,18,306,Sonitpur,1924110,5204.0,369.7367409684858
7158,18,307,Lakhimpur,1042137,2277.0,457.6798418972332
7182,18,308,Dhemaji,686133,3236.9999999999995,211.96570898980542
7203,18,309,Tinsukia,1327929,3790.0,350.37704485488126
7218,18,310,Dibrugarh,1326335,3381.0,392.29074238391007
7242,18,311,Sivasagar,1151050,2668.0,431.42803598200896
7263,18,312,Jorhat,1092256,2851.0,383.1132935811996
7284,18,313,Golaghat,1066888,3502.0,304.6510565391205
7305,18,314,Karbi Anglong,956313,10434.0,91.65353651523864
7320,18,315,Dima Hasao,214102,4888.0,43.80155482815057
7335,18,316,Cachar,1736617,3786.0,458.69440042260965
7353,18,317,Karimganj,1228686,1809.0,679.2072968490879
7371,18,318,Hailakandi,659296,1327.0,496.8319517709118
7386,18,319,Bongaigaon,738804,1093.0,675.9414455626717
7404,18,320,Chirang,482162,1923.0,250.73426937077485
7425,18,321,Kamrup,1517542,3105.0,488.741384863124
7464,18,322,Kamrup Metropolitan,1253938,955.0,1313.0240837696335
7485,18,323,Nalbari,771639,1052.0,733.4971482889732
7515,18,324,Baksa,950075,2457.0,386.6809116809117
7557,18,325,Darrang,928500,1585.0,585.8044164037855
7578,18,326,Udalguri,831668,2012.0,413.3538767395626
7608,19,0,WEST BENGAL,91276115,88752.0,1028.440091490896
7611,19,327,Darjiling ,1846823,3149.0,586.4791997459512
7653,19,328,Jalpaiguri ,3872846,6227.0,621.944114340774
7698,19,329,Koch Bihar ,2819086,3387.0,832.3253616770003
7740,19,330,Uttar Dinajpur,3007134,3140.0,957.6859872611464
7773,19,331,Dakshin Dinajpur,1676276,2219.0,755.4195583596214
7803,19,332,Maldah ,3988845,3733.0,1068.536030002679
7854,19,333,Murshidabad ,7103807,5324.0,1334.2988354620586
7938,19,334,Birbhum,3502404,4545.0,770.6059405940595
8001,19,335,Barddhaman ,7717563,7024.0,1098.7418849658313
8100,19,336,Nadia ,5167600,3927.0,1315.9154570919275
8157,19,337,North Twenty Four Parganas,10009781,4094.0,2444.9880312652663
8229,19,338,Hugli ,5519145,3149.0,1752.6659256906955
8289,19,339,Bankura ,3596674,6882.0,522.6204591688463
8361,19,340,Puruliya,2930115,6259.0,468.1442722479629
8427,19,341,Haora ,4850029,1467.0,3306.0865712338104
8475,19,342,Kolkata,4496694,185.0,24306.45405405405
8481,19,343,South Twenty Four Parganas,8161961,9960.0,819.4739959839357
8574,19,344,Paschim Medinipur,5913457,9368.0,631.2400725875319
8667,19,345,Purba Medinipur,5095875,4712.999763774556,1081.2381191207203
8748,20,0,JHARKHAND,32988134,79716.0,413.82073862210854
8751,20,346,Garhwa ,1322784,4093.0,323.1820180796482
8811,20,347,Chatra,1042886,3718.0,280.49650349650346
8850,20,348,Kodarma,716259,2540.0,281.99173228346456
8871,20,349,Giridih,2445474,4962.0,492.8403869407497
8913,20,350,Deoghar,1492073,2477.0,602.3710133225676
8946,20,351,Godda,1313551,2266.0042121427036,579.677210201619
8976,20,352,Sahibganj,1150567,2063.0,557.7154629180803
9006,20,353,Pakur,900422,1811.0,497.19602429596915
9027,20,354,Dhanbad,2684487,2040.0,1315.925
9054,20,355,Bokaro,2062330,2883.0,715.3416579951439
9084,20,356,Lohardaga,461790,1502.0,307.45006657789617
9108,20,357,Purbi Singhbhum,2293919,3562.0,643.9974733295901
9144,20,358,Palamu,1939869,4393.0,441.58183473708175
9207,20,359,Latehar,726978,4290.999999999999,169.41924959216968
9237,20,360,Hazaribagh,1734495,3554.9999999999995,487.90295358649803
9288,20,361,Ramgarh,949443,1341.001708025763,708.0102838927626
9309,20,362,Dumka,1321442,3761.0000000000014,351.35389524062737
9342,20,363,Jamtara,791042,1811.0,436.79845389287686
9363,20,364,Ranchi,2914253,5097.0,571.758485383559
9420,20,365,Khunti,531885,2535.003204961766,209.8163027797916
9441,20,366,Gumla,1025213,5360.000000000001,191.27108208955218
9480,20,367,Simdega,599578,3774.0003039451453,158.8706814287302
9513,20,368,Pashchimi Singhbhum,1502338,7223.996636703798,207.96493624691036
9570,20,369,Saraikela-Kharsawan,1065056,2657.0037633799684,400.84851014480483
9600,21,0,ODISHA,41974218,155707.0,269.5718111581368
9603,21,370,Bargarh,1481255,5837.0,253.76991605276683
9651,21,371,Jharsuguda,579505,2114.0,274.1272469252602
9684,21,372,Sambalpur,1041099,6624.0,157.1707427536232
9747,21,373,Debagarh,312520,2940.0,106.29931972789116
9762,21,374,Sundargarh,2093437,9712.0,215.55158566721585
9855,21,375,Kendujhar,1801733,8303.0,216.9978321088763
9930,21,376,Mayurbhanj,2519738,10418.0,241.86388942215402
10026,21,377,Baleshwar,2320529,3806.0,609.7028376248029
10092,21,378,Bhadrak,1506337,2505.0,601.3321357285429
10131,21,379,Kendrapara ,1440361,2644.0,544.7658850226928
10170,21,380,Jagatsinghapur ,1136971,1668.0,681.6372901678658
10203,21,381,Cuttack,2624470,3932.0,667.4643947100712
10281,21,382,Jajapur  ,1827192,2899.0,630.2835460503622
10338,21,383,Dhenkanal,1192811,4452.0,267.92699910152743
10380,21,384,Anugul  ,1273821,6375.0,199.8150588235294
10452,21,385,Nayagarh  ,962789,3890.0,247.50359897172243
10491,21,386,Khordha ,2251673,2813.0,800.4525417703519
10557,21,387,Puri,1698730,3479.0,488.2811152630066
10605,21,388,Ganjam,3529031,8206.0,430.05495978552284
10698,21,389,Gajapati,577817,4325.0,133.5993063583815
10731,21,390,Kandhamal,733110,8021.0,91.39882807629972
10785,21,391,Baudh,441162,3098.0,142.40219496449322
10806,21,392,Subarnapur,610183,2337.0,261.0967051775781
10833,21,393,Balangir,1648997,6575.0,250.79802281368825
10872,21,394,Nuapada,610382,3852.0,158.45846313603326
10893,21,395,Kalahandi,1576869,7920.0,199.0996212121212
10935,21,396,Rayagada  ,967911,7073.0,136.84589283189595
10983,21,397,Nabarangapur ,1220946,5291.0,230.75902475902473
11022,21,398,Koraput,1379647,8807.0,156.65345747700692
11088,21,399,Malkangiri  ,613192,5791.0,105.8870661371093
11124,22,0,CHHATTISGARH,25545198,135192.0,188.95495295579622
11127,22,400,Koriya,658917,6604.0,99.7754391278013
11145,22,401,Surguja,2359886,15732.0,150.00546656496314
11205,22,402,Jashpur ,851669,5838.0,145.88369304556358
11232,22,403,Raigarh,1493984,7086.0,210.83601467682755
11262,22,404,Korba ,1206640,6598.0,182.87966050318283
11280,22,405,Janjgir - Champa,1619707,3853.0,420.37555151829736
11313,22,406,Bilaspur,2663629,8272.0,322.0054400386847
11349,22,407,Kabeerdham,822526,4235.0,194.2210153482881
11364,22,408,Rajnandgaon,1537133,8070.0,190.47496902106568
11394,22,409,Durg,3343872,8535.0,391.7834797891037
11436,22,410,Raipur,4063872,12383.0,328.18153920697733
11484,22,411,Mahasamund,1032754,4790.0,215.6062630480167
11502,22,412,Dhamtari ,799781,4084.0,195.83276199804115
11517,22,413,Uttar Bastar Kanker,748941,7161.0,104.5860913280268
11541,22,414,Bastar,1413199,10470.0,134.9760267430755
11580,22,415,Narayanpur,139820,4653.0,30.049430474962392
11589,22,416,Dakshin Bastar Dantewada,533638,8298.0,64.30923114003375
11613,22,417,Bijapur,255230,8530.0,29.921453692848768
11628,23,0,MADHYA PRADESH,72626809,308252.0,235.60855728429985
11631,23,418,Sheopur ,687861,6606.0,104.1267029972752
11649,23,419,Morena,1965970,4989.0,394.0609340549208
11670,23,420,Bhind,1703005,4459.0,381.9253195783808
11697,23,421,Gwalior,2032036,4560.0,445.6219298245614
11712,23,422,Datia,786754,2902.0,271.1075120606478
11727,23,423,Shivpuri,1726050,10066.0,171.47327637591894
11754,23,424,Tikamgarh,1445166,5048.0,286.28486529318536
11784,23,425,Chhatarpur,1762375,8687.0,202.87498561068264
11820,23,426,Panna,1016520,7135.0,142.4695164681149
11847,23,427,Sagar,2378458,10252.0,231.99941474834182
11883,23,428,Damoh,1264219,7306.0,173.03846153846158
11907,23,429,Satna,2228935,7502.0,297.1121034390829
11940,23,430,Rewa,2365106,6314.0,374.58124802027237
11976,23,431,Umaria,644758,4076.0,158.1840039254171
11994,23,432,Neemuch ,826067,4256.0,194.09468984962402
12012,23,433,Mandsaur,1340411,5535.0,242.1700090334237
12039,23,434,Ratlam,1455069,4861.0,299.335321950216
12066,23,435,Ujjain,1986864,6091.0,326.19668363158763
12090,23,436,Shajapur,1512681,6195.0,244.17772397094433
12120,23,437,Dewas,1563715,7020.0,222.75142450142448
12147,23,438,Dhar,2185793,8153.0,268.0967741935484
12174,23,439,Indore,3276697,3898.0,840.6097998973833
12192,23,440,Khargone (West Nimar),1873046,8025.0,233.40137071651094
12222,23,441,Barwani ,1385881,5427.0,255.3677906762484
12252,23,442,Rajgarh,1545814,6153.0,251.2293190313668
12276,23,443,Vidisha,1458875,7371.0,197.92090625423958
12309,23,444,Bhopal,2371061,2772.0,855.3611111111112
12318,23,445,Sehore,1311332,6578.0,199.35117056856186
12345,23,446,Raisen,1331597,8466.0,157.28762107252535
12372,23,447,Betul,1575362,10043.0,156.86169471273524
12399,23,448,Harda ,570465,3334.0,171.10527894421116
12420,23,449,Hoshangabad,1241350,6703.0,185.19319707593613
12447,23,450,Katni ,1292042,4950.0,261.0185858585859
12471,23,451,Jabalpur,2463289,5211.0,472.70946075609294
12495,23,452,Narsimhapur,1091854,5133.0,212.7126436781609
12513,23,453,Dindori ,704524,7470.0,94.31378848728248
12522,23,454,Mandla,1054905,5800.0,181.8801724137931
12543,23,455,Chhindwara,2090922,11815.0,176.97181548878544
12582,23,456,Seoni,1379131,8758.0,157.47099794473624
12609,23,457,Balaghat,1701698,9229.0,184.3859573084841
12642,23,458,Guna,1241519,6390.0,194.29092331768388
12666,23,459,Ashoknagar,845071,4674.0,180.80252460419342
12684,23,460,Shahdol,1066063,6205.0,171.80709105560032
12699,23,461,Anuppur,749237,3747.0,199.95649853215903
12714,23,462,Sidhi,1127033,4851.0,232.33003504432082
12735,23,463,Singrauli,1178273,5675.0,207.62519823788543
12747,23,464,Jhabua,1025048,3600.0,284.73555555555555
12765,23,465,Alirajpur,728999,3182.0,229.10087994971715
12777,23,466,Khandwa (East Nimar),1310061,7352.0,178.19110446137105
12795,23,467,Burhanpur,757847,3427.0,221.14006419608987
12807,24,0,GUJARAT,60439692,196244.0,307.98236888771123
12810,24,468,Kachchh ^,2092371,45674.0,45.81098655690327
12843,24,469,Banas Kantha,3120506,10743.0,290.46877036209617
12882,24,470,Patan  ,1343734,5792.0,231.998273480663
12906,24,471,Mahesana,2035064,4401.0,462.40945239718246
12936,24,472,Sabar Kantha,2428589,7394.0,328.4540167703543
12978,24,473,Gandhinagar,1391753,2140.0,650.3518691588785
12993,24,474,Ahmadabad,7214225,8107.0,889.8760330578513
13029,24,475,Surendranagar,1756268,10423.0,168.49928043749398
13062,24,476,Rajkot,3804558,11198.0,339.75334881228787
13107,24,477,Jamnagar,2160119,14184.0,152.29265369430343
13140,24,478,Porbandar ,585449,2316.0,252.78454231433503
13152,24,479,Junagadh,2743082,8831.0,310.6196353753822
13197,24,480,Amreli,1514190,7397.0,204.70325807759903
13233,24,481,Bhavnagar,2880365,10034.0,287.0604943193144
13269,24,482,Anand  ,2092745,3204.0,653.166354556804
13296,24,483,Kheda,2299885,3953.000487734537,581.8074161984389
13329,24,484,Panch Mahals,2390776,5231.0,457.03995411967117
13365,24,485,Dohad  ,2127086,3642.0,584.0433827567269
13389,24,486,Vadodara,4165626,7546.0,552.03100980652
13428,24,487,Narmada,590297,2817.0,209.54810081647145
13443,24,488,Bharuch,1551019,6509.0,238.28836994930094
13470,24,489,The Dangs,228291,1765.9999973032948,129.27010212265196
13476,24,490,Navsari  ,1329672,2246.0,592.0178094390028
13494,24,491,Valsad,1705678,3008.0,567.0472074468087
13512,24,492,Surat,6081322,4549.0,1336.848098483183
13545,24,493,Tapi,807022,3139.0,257.09525326537107
13563,25,0,DAMAN & DIU,243247,111.0,2191.4144144144143
13566,25,494,Diu,52074,39.0,1335.2307692307693
13572,25,495,Daman,191173,72.0,2655.180555555556
13578,26,0,DADRA & NAGAR HAVELI,343709,491.0,700.0183299389003
13581,26,496,Dadra & Nagar Haveli,343709,491.0,700.0183299389003
13587,27,0,MAHARASHTRA,112374333,307713.0,365.19202308644736
13590,27,497,Nandurbar,1648295,5955.0,276.791771620487
13611,27,498,Dhule,2050862,7195.0,285.0398888116748
13626,27,499,Jalgaon,4229917,11765.0,359.53395665108366
13674,27,500,Buldana,2586258,9661.0,267.7008591243142
13716,27,501,Akola,1813906,5672.81,319.7544074277122
13740,27,502,Washim,1197160,4901.190000000001,244.25904729259625
13761,27,503,Amravati,2888445,12210.0,236.5638820638821
13806,27,504,Wardha,1300774,6309.0,206.17752417181805
13833,27,505,Nagpur,4653570,9892.0,470.4377274565305
13878,27,506,Bhandara,1200334,4087.0,293.69562025935886
13902,27,507,Gondiya,1322507,5234.0,252.6761559037065
13929,27,508,Gadchiroli,1072942,14412.0,74.44782126006106
13968,27,509,Chandrapur,2204307,11443.000000000002,192.63366250109237
14016,27,510,Yavatmal,2772348,13582.0,204.11927551170663
14067,27,511,Nanded,3361292,10528.0,319.2716565349544
14118,27,512,Hingoli,1177345,4827.0,243.9082245701264
14136,27,513,Parbhani,1836086,6214.0,295.4757000321854
14166,27,514,Jalna ###,1959046,7694.11,254.83889850781605
14193,27,515,Aurangabad ###,3701282,10130.89,365.10400380365786
14223,27,516,Nashik,6107187,15530.0,393.2509336767545
14271,27,517,Thane,11060148,9558.0,1157.1613308223475
14319,27,518,Mumbai Suburban,9356962,446.0,20979.735426008967
14325,27,519,Mumbai,3085411,157.0,19652.29936305733
14331,27,520,Raigarh,2634200,7152.0,368.31655480984335
14379,27,521,Pune,9429408,15643.0,602.7877005689446
14424,27,522,Ahmadnagar,4543159,17048.0,266.4921984983576
14469,27,523,Bid,2585049,10693.0,241.75151968577572
14505,27,524,Latur,2454196,7157.0,342.9084812072097
14538,27,525,Osmanabad,1657576,7569.0,218.99537587528079
14565,27,526,Solapur,4317756,14895.0,289.879556898288
14601,27,527,Satara,3003741,10480.0,286.6165076335878
14637,27,528,Ratnagiri,1615069,8208.0,196.76766569200782
14667,27,529,Sindhudurg,849651,5207.0,163.1747647397734
14694,27,530,Kolhapur,3876001,7685.0,504.3592713077424
14733,27,531,Sangli,2822143,8572.0,329.2280681287914
14766,28,0,ANDHRA PRADESH,84580777,275045.0,307.5161409951099
14769,28,532,Adilabad,2741239,16105.0,170.21043154299906
14928,28,533,Nizamabad,2551335,7956.0,320.68061840120663
15039,28,534,Karimnagar,3776269,11823.0,319.40023682652463
15213,28,535,Medak,3033288,9699.0,312.7423445716053
15354,28,536,Hyderabad,3943323,216.9995611129232,18172.032145023357
15405,28,537,Rangareddy,5296741,7492.999953867163,706.8919034580182
15519,28,538,Mahbubnagar,4053028,18432.0,219.89084201388889
15714,28,539,Nalgonda,3488809,14240.0,245.00063202247193
15894,28,540,Warangal,3512576,12846.0,273.43733457885725
16050,28,541,Khammam,2797370,16029.0,174.5193087528854
16191,28,542,Srikakulam,2703114,5837.0,463.0998800753812
16308,28,543,Vizianagaram,2344474,6539.0,358.5370851812204
16413,28,544,Visakhapatnam,4290589,11161.0,384.42693307051337
16545,28,545,East Godavari,5154296,10807.0,476.9405015267882
16728,28,546,West Godavari,3936966,7742.0,508.5205373288556
16869,28,547,Krishna,4517398,8727.0,517.634696917612
17022,28,548,Guntur,4887813,11391.0,429.094284961812
17196,28,549,Prakasam,3397448,17626.0,192.75207080449337
17367,28,550,Sri Potti Sriramulu Nellore,2963557,13076.0,226.6409452431936
17508,28,551,Y.S.R.,2882469,15359.0,187.67296047919785
17664,28,552,Kurnool,4053463,17658.0,229.5539132404576
17829,28,553,Anantapur,4081148,19130.0,213.3375849451124
18021,28,554,Chittoor,4174064,15152.000152556364,275.47940588528667
18222,29,0,KARNATAKA,61095297,191791.0,319.0
18225,29,555,Belgaum,4779661,13433.0,356.0
18258,29,556,Bagalkot ,1889752,6552.0,288.0
18282,29,557,Bijapur,2177331,10498.0,207.0
18300,29,558,Bidar,1703300,5448.0,313.0
18318,29,559,Raichur,1928812,8442.0,228.0
18336,29,560,Koppal,1389920,5570.0,250.0
18351,29,561,Gadag,1064570,4657.0,229.0
18369,29,562,Dharwad,1847023,4260.0,434.0
18390,29,563,Uttara Kannada,1437169,10277.0,140.0
18429,29,564,Haveri,1597668,4823.0,331.0
18453,29,565,Bellary,2452595,8461.0,290.0
18477,29,566,Chitradurga,1659456,8436.0,197.0
18498,29,567,Davanagere,1945497,5924.0,328.0
18519,29,568,Shimoga,1752753,8478.0,207.0
18543,29,569,Udupi,1177361,3582.0,329.0
18555,29,570,Chikmagalur,1137961,7202.0,158.0
18579,29,571,Tumkur,2678980,10597.0,253.0
18612,29,572,Bangalore,9621551,2196.0,4381.0
18630,29,573,Mandya,1805769,4962.0,364.0
18654,29,574,Hassan,1776421,6814.0,261.0
18681,29,575,Dakshina Kannada,2089649,4861.0,430.0
18699,29,576,Kodagu,554519,4102.0,135.0
18711,29,577,Mysore,3001127,6307.0,476.0
18735,29,578,Chamarajanagar,1020791,5648.0,181.0
18750,29,579,Gulbarga,2566326,10954.0,234.0
18774,29,580,Yadgir,1174271,5270.0,223.0
18786,29,581,Kolar,1536401,3979.0,386.0
18804,29,582,Chikkaballapura,1255104,4244.0,296.0
18825,29,583,Bangalore Rural,990923,2298.0,431.0
18840,29,584,Ramanagara,1082636,3516.0,308.0
18855,30,0,GOA,1458545,3702.0,394.0
18858,30,585,North Goa,818008,1736.0,471.0
18879,30,586,South Goa,640537,1966.0,326.0
18897,31,0,LAKSHADWEEP,64473,30.0,2149.0
18900,31,587,Lakshadweep,64473,30.0,2149.0
18933,32,0,KERALA,33406061,38852.0,860.0
18936,32,588,Kasaragod,1307375,1989.0,657.0
18945,32,589,Kannur,2523003,2961.0,852.0
18957,32,590,Wayanad,817420,2130.0,384.0
18969,32,591,Kozhikode,3086293,2345.0,1316.0
18981,32,592,Malappuram,4112920,3554.0,1157.0
19002,32,593,Palakkad,2809934,4482.0,627.0
19020,32,594,Thrissur,3121200,3027.0,1031.0
19038,32,595,Ernakulam,3282388,3063.0,1072.0
19062,32,596,Idukki ,1108974,4356.0,255.0
19077,32,597,Kottayam,1974551,2206.0,895.0
19095,32,598,Alappuzha,2127789,1415.0,1504.0
19116,32,599,Pathanamthitta,1197412,2652.0,452.0
19134,32,600,Kollam,2635375,2483.0,1061.0
19152,32,601,Thiruvananthapuram,3301427,2189.0,1508.0
19167,33,0,TAMIL NADU,72147030,130060.0,555.0
19170,33,602,Thiruvallur,3728104,3394.0,1098.0
19200,33,603,Chennai,4646732,175.0,26553.0
19206,33,604,Kancheepuram,3998252,4482.999999983323,892.0
19239,33,605,Vellore,3936331,6075.0,648.0
19269,33,606,Tiruvannamalai,2464875,6188.000190196117,398.0
19293,33,607,Viluppuram,3458873,7194.000000000001,481.0
19320,33,608,Salem,3482056,5236.999112977625,665.0
19350,33,609,Namakkal   ,1726601,3419.9988176242136,505.0
19365,33,610,Erode,2251744,5759.997003884148,391.0
19383,33,611,The Nilgiris,735394,2564.997344388933,287.0
19404,33,612,Dindigul,2159775,6036.0,358.0
19431,33,613,Karur ,1064493,2904.0,367.0
19449,33,614,Tiruchirappalli,2722290,4509.0,604.0
19479,33,615,Perambalur  ,565223,1756.0,322.0
19491,33,616,Ariyalur  ,754894,1940.0020922957456,389.0
19503,33,617,Cuddalore,2605914,3702.9999743296858,704.0
19527,33,618,Nagapattinam  ,1616450,2568.997363248056,629.0
19554,33,619,Thiruvarur,1264277,2274.0042677106085,556.0
19578,33,620,Thanjavur,2405890,3410.9995919269336,705.0
19605,33,621,Pudukkottai,1618345,4644.000000000001,348.0
19641,33,622,Sivaganga,1339101,4233.0,316.0
19662,33,623,Madurai,3038252,3710.0014517563372,819.0
19686,33,624,Theni  ,1245899,2868.000162919307,434.0
19704,33,625,Virudhunagar,1942288,4240.998101463051,458.0
19731,33,626,Ramanathapuram,1353445,4103.999538381393,330.0
19755,33,627,Thoothukkudi,1750176,4745.0,369.0
19782,33,628,Tirunelveli ,3077233,6693.0,460.0
19818,33,629,Kanniyakumari,1870374,1683.99887541413,1111.0
19833,33,630,Dharmapuri,1506843,4497.0,335.0
19851,33,631,Krishnagiri,1879809,5129.0,367.0
19869,33,632,Coimbatore,3458045,4731.997040741916,731.0
19890,33,633,Tiruppur,2479052,5187.0,478.0
19914,34,0,PUDUCHERRY,1247953,490.0,2547.0
19917,34,634,Yanam,55626,30.0,1854.0
19923,34,635,Puducherry,950289,294.0,3232.0
19938,34,636,Mahe,41816,9.0,4646.0
19944,34,637,Karaikal,200222,157.0,1275.0
19953,35,0,ANDAMAN & NICOBAR ISLANDS,380581,8249.0,46.0
19956,35,638,Nicobars,36842,1841.0,20.0
19968,35,639,North  & Middle Andaman,105597,3736.0,28.0
19980,35,640,South Andaman,238142,2672.0,89.0
